{
  "nutritional_accuracy": {
    "mape": {
      "calories": 1.167802005043711,
      "protein": 2.0935960591132927,
      "fat": 0.8827381766933514,
      "carbohydrates": 1.9802735048915447,
      "fiber": 20.97142857142856,
      "overall": 5.419167663434092
    },
    "achievement_ratios": {
      "calories": 1.0116780200504372,
      "protein": 1.020935960591133,
      "fat": 1.0088273817669335,
      "carbohydrates": 0.9801972649510845,
      "fiber": 1.2097142857142855
    }
  },
  "variety_metrics": {
    "unique_ratio": 0.2857142857142857,
    "shannon_entropy": 4.05715473444074,
    "normalized_entropy": 0.6787627125324803,
    "recipe_repetition": {
      "6": 5,
      "58": 6,
      "54": 5,
      "66": 2,
      "4": 4,
      "5": 3,
      "20": 4,
      "1": 5,
      "12": 4,
      "17": 2,
      "67": 3,
      "51": 3,
      "16": 5,
      "62": 2,
      "9": 2,
      "14": 4,
      "63": 3
    }
  },
  "consistency_metrics": {
    "calories": 15.24983626751332,
    "protein": 9.709651642830561,
    "fat": 24.936180411379087,
    "carbohydrates": 17.44648484971457,
    "fiber": 16.436048464624513
  },
  "summary": {
    "overall_nutritional_accuracy": 94.5808323365659,
    "variety_score": 67.87627125324804,
    "consistency_score": 83.2443596727876,
    "overall_score": 85.43581674519271
  }
}